1,cancel_king,king@dev.com,2023-01-01 13:00:00+03
2,cancel_queen,queen@dev.com,2023-01-15 14:30:00+03
3,panic_button,panic@dev.com,2023-02-01 12:15:00+03
4,alice_wonder,alice@dev.com,2023-03-10 17:00:00+03
5,bob_builder,bob@dev.com,2023-04-05 11:45:00+03
6,charlie_root,charlie@dev.com,2023-04-20 19:20:00+03
7,diana_prince,diana@dev.com,2023-05-12 14:11:00+03
8,eve_hacker,eve@dev.com,2023-06-18 22:05:00+03
9,frank_castle,frank@dev.com,2023-07-02 10:30:00+03
10,grace_hopper,grace@dev.com,2023-08-14 16:25:00+03
11,helen_troy,helen@dev.com,2023-09-01 13:50:00+03
12,ivan_drago,ivan@dev.com,2023-10-10 18:40:00+03
13,jack_sparrow,jack@dev.com,2023-11-20 15:15:00+03
14,karen_page,karen@dev.com,2023-12-05 12:00:00+03
15,leo_dicap,leo@dev.com,2024-01-15 21:30:00+03
16,mia_wallace,mia@dev.com,2024-02-28 17:45:00+03
17,neo_matrix,neo@dev.com,2024-03-10 13:10:00+03
18,olivia_pope,olivia@dev.com,2024-04-05 11:55:00+03
19,peter_parker,peter@dev.com,2024-05-20 19:35:00+03
20,quinn_m,quinn@dev.com,2024-06-12 14:20:00+03
21,rick_sanchez,rick@dev.com,2024-07-01 12:40:00+03
23,gregor_eisenhorn,gregor_ei@inc.wh,4102-03-06 09:06:06+03
22,sarah_connor,sarah@dev.com,2024-08-15 16:50:00+03
